{
    "coordenacao": {
        "total": 141,
        "historico": {
            "2025-06-30": 4,
            "2025-07-01": 14,
            "2025-07-02": 19,
            "2025-07-03": 2,
            "2025-07-08": 10,
            "2025-07-10": 6,
            "2025-07-15": 5,
            "2025-07-16": 1,
            "2025-07-17": 80
        }
    },
    "tarifas-complementares": {
        "total": 56,
        "historico": {
            "2025-06-30": 1,
            "2025-07-02": 22,
            "2025-07-03": 3,
            "2025-07-08": 2,
            "2025-07-15": 1,
            "2025-07-17": 27
        }
    },
    "agendamento": {
        "total": 196,
        "historico": {
            "2025-06-30": 13,
            "2025-07-01": 29,
            "2025-07-02": 96,
            "2025-07-03": 1,
            "2025-07-08": 33,
            "2025-07-10": 8,
            "2025-07-15": 6,
            "2025-07-16": 1,
            "2025-07-17": 8,
            "2025-07-18": 1
        }
    },
    "telas-informa": {
        "total": 33,
        "historico": {
            "2025-07-01": 1,
            "2025-07-02": 13,
            "2025-07-03": 2,
            "2025-07-08": 1,
            "2025-07-10": 1,
            "2025-07-17": 15
        }
    },
    "Raia": {
        "total": 6,
        "historico": {
            "2025-07-02": 6
        }
    },
    "Profarma": {
        "total": 13,
        "historico": {
            "2025-07-02": 5,
            "2025-07-03": 1,
            "2025-07-08": 3,
            "2025-07-16": 2,
            "2025-07-17": 1,
            "2025-07-18": 1
        }
    },
    "GSK": {
        "total": 3,
        "historico": {
            "2025-07-02": 3
        }
    },
    "RAIA": {
        "total": 2,
        "historico": {
            "2025-07-02": 2
        }
    },
    "teste": {
        "total": 43,
        "historico": {
            "2025-07-02": 16,
            "2025-07-03": 3,
            "2025-07-15": 1,
            "2025-07-17": 20,
            "2025-07-18": 3
        }
    },
    "aereo": {
        "total": 2,
        "historico": {
            "2025-07-03": 2
        }
    },
    "raia": {
        "total": 1,
        "historico": {
            "2025-07-08": 1
        }
    },
    "recebimento-intec": {
        "total": 50,
        "historico": {
            "2025-07-08": 2,
            "2025-07-10": 3,
            "2025-07-15": 42,
            "2025-07-17": 3
        }
    },
    "relacao-parceiros": {
        "total": 67,
        "historico": {
            "2025-07-15": 30,
            "2025-07-16": 13,
            "2025-07-17": 24
        }
    },
    "Ocorr\u00eancias": {
        "total": 9,
        "historico": {
            "2025-07-15": 9
        }
    },
    "CRM": {
        "total": 4,
        "historico": {
            "2025-07-15": 3,
            "2025-07-17": 1
        }
    },
    "API_ACTIVE": {
        "total": 19,
        "historico": {
            "2025-07-15": 1,
            "2025-07-16": 3,
            "2025-07-17": 15
        }
    },
    "Consultas_P\u00fablicas": {
        "total": 2,
        "historico": {
            "2025-07-15": 1,
            "2025-07-16": 1
        }
    },
    "API_CONFIRMAFACIL": {
        "total": 5,
        "historico": {
            "2025-07-15": 4,
            "2025-07-16": 1
        }
    },
    "Nrisk": {
        "total": 4,
        "historico": {
            "2025-07-15": 2,
            "2025-07-16": 2
        }
    },
    "Access": {
        "total": 2,
        "historico": {
            "2025-07-15": 2
        }
    },
    "Toccato": {
        "total": 3,
        "historico": {
            "2025-07-15": 2,
            "2025-07-16": 1
        }
    },
    "NsTech": {
        "total": 6,
        "historico": {
            "2025-07-15": 5,
            "2025-07-16": 1
        }
    },
    "Repom": {
        "total": 1,
        "historico": {
            "2025-07-16": 1
        }
    },
    "Axway": {
        "total": 1,
        "historico": {
            "2025-07-16": 1
        }
    },
    "API_HODIE": {
        "total": 1,
        "historico": {
            "2025-07-16": 1
        }
    },
    "Tecnospeed": {
        "total": 2,
        "historico": {
            "2025-07-16": 1,
            "2025-07-17": 1
        }
    },
    "Atm": {
        "total": 4,
        "historico": {
            "2025-07-16": 4
        }
    },
    "Comprovei": {
        "total": 3,
        "historico": {
            "2025-07-17": 3
        }
    },
    "Torre_de_Controle": {
        "total": 6,
        "historico": {
            "2025-07-17": 6
        }
    },
    "TORRE_DE_CONTROLE": {
        "total": 5,
        "historico": {
            "2025-07-17": 5
        }
    },
    "ocorr\u00eancias": {
        "total": 3,
        "historico": {
            "2025-07-17": 3
        }
    },
    "IBSoftware": {
        "total": 1,
        "historico": {
            "2025-07-17": 1
        }
    },
    "Integradores/Consultas_P\u00fablicas": {
        "total": 1,
        "historico": {
            "2025-07-17": 1
        }
    },
    "Luft/CRM": {
        "total": 2,
        "historico": {
            "2025-07-17": 2
        }
    },
    "Integradores/NsTech": {
        "total": 1,
        "historico": {
            "2025-07-17": 1
        }
    },
    "Integradores/API_CONFIRMAFACIL": {
        "total": 1,
        "historico": {
            "2025-07-17": 1
        }
    }
}